epoch,time,train/box_loss,train/seg_loss,train/cls_loss,train/dfl_loss,metrics/precision(B),metrics/recall(B),metrics/mAP50(B),metrics/mAP50-95(B),metrics/precision(M),metrics/recall(M),metrics/mAP50(M),metrics/mAP50-95(M),val/box_loss,val/seg_loss,val/cls_loss,val/dfl_loss,lr/pg0,lr/pg1,lr/pg2
1,11.0639,0.94476,1.64534,2.97561,0.97533,0.01481,1,0.24829,0.17597,0.01481,1,0.2935,0.19971,0.73044,1.129,2.85697,0.87215,4e-05,4e-05,4e-05
2,20.8811,0.64754,1.06526,2.64067,0.88288,0.01481,1,0.78232,0.69237,0.01481,1,0.78232,0.70613,0.40245,0.65314,2.56522,0.78706,9.835e-05,9.835e-05,9.835e-05
3,31.1224,0.64098,0.74453,1.77755,0.84738,0.01481,1,0.97597,0.85091,0.01481,1,0.97597,0.89745,0.47462,0.50844,2.27614,0.78245,0.00015472,0.00015472,0.00015472
4,40.9953,0.54777,0.55492,1.13009,0.83035,0.94873,0.92522,0.95609,0.84423,0.94873,0.92522,0.95609,0.86491,0.52297,0.7625,1.78695,0.80504,0.00020911,0.00020911,0.00020911
5,51.1352,0.50477,0.49981,0.83927,0.82182,0.95058,0.96185,0.95205,0.83107,0.95058,0.96185,0.95205,0.86577,0.52493,0.72749,1.58614,0.80616,0.00026152,0.00026152,0.00026152
6,61.2322,0.49262,0.48513,0.78942,0.82456,0.89133,0.9,0.92399,0.81915,0.89133,0.9,0.92399,0.8631,0.52557,0.64432,1.37944,0.79778,0.00031195,0.00031195,0.00031195
7,71.0972,0.50506,0.49304,0.82613,0.83323,0.8733,0.86177,0.92602,0.80386,0.8733,0.86177,0.92602,0.86992,0.54971,0.67189,1.33557,0.80093,0.0003604,0.0003604,0.0003604
8,81.1382,0.44186,0.40991,0.74576,0.79901,0.90956,0.85,0.93496,0.82582,0.90956,0.85,0.93496,0.89533,0.511,0.56349,1.45095,0.7952,0.00040687,0.00040687,0.00040687
9,91.1997,0.45818,0.41614,0.70689,0.81911,0.93498,0.71911,0.92929,0.83239,0.93498,0.71911,0.92929,0.88717,0.49858,0.56656,1.54934,0.79756,0.00045136,0.00045136,0.00045136
10,100.933,0.44175,0.3994,0.73264,0.8216,0.93143,0.67931,0.93881,0.85095,0.93143,0.67931,0.93881,0.90484,0.4439,0.53135,1.61848,0.78667,0.00049387,0.00049387,0.00049387
11,110.393,0.42174,0.42087,0.70962,0.82325,0.92773,0.64209,0.93634,0.8487,0.92773,0.64209,0.93634,0.89854,0.45653,0.52201,1.67119,0.78352,0.0005344,0.0005344,0.0005344
12,120.014,0.42622,0.37878,0.6721,0.82174,0.91779,0.55843,0.94798,0.84772,0.91779,0.55843,0.94798,0.88789,0.49735,0.54684,1.77864,0.78879,0.00057295,0.00057295,0.00057295
13,129.586,0.38366,0.38493,0.65432,0.81075,0.9192,0.56897,0.94925,0.87065,0.9192,0.56897,0.94925,0.91138,0.45803,0.45353,1.83758,0.78393,0.00060952,0.00060952,0.00060952
14,138.572,0.40095,0.37049,0.62137,0.81078,0.93156,0.6807,0.95715,0.89051,0.93156,0.6807,0.95715,0.93135,0.38571,0.40458,1.75717,0.77319,0.00064411,0.00064411,0.00064411
15,147.263,0.4106,0.34212,0.58907,0.80977,0.97297,0.89996,0.97159,0.88073,0.97297,0.89996,0.97159,0.94186,0.41769,0.44086,1.62618,0.77627,0.00067672,0.00067672,0.00067672
16,155.885,0.40995,0.38252,0.59612,0.82024,0.95266,0.975,0.97655,0.87333,0.95266,0.975,0.97655,0.92526,0.45327,0.51279,1.43236,0.78293,0.00070735,0.00070735,0.00070735
17,164.75,0.40586,0.34617,0.59612,0.80655,0.95143,0.97961,0.97262,0.87083,0.95143,0.97961,0.97262,0.93439,0.45646,0.48092,1.25003,0.78325,0.000736,0.000736,0.000736
18,173.421,0.3989,0.36214,0.60592,0.81739,0.95142,1,0.95929,0.87298,0.95142,1,0.95929,0.94055,0.45289,0.4658,1.14779,0.7818,0.00076267,0.00076267,0.00076267
19,182.459,0.37604,0.33463,0.55556,0.81558,0.94967,1,0.95929,0.89937,0.94967,1,0.95929,0.93649,0.40208,0.44843,1.14705,0.76797,0.00078736,0.00078736,0.00078736
20,191.165,0.41885,0.37214,0.55414,0.82102,0.9508,1,0.95833,0.88301,0.9508,1,0.95833,0.93117,0.45521,0.49207,1.24623,0.79138,0.00081007,0.00081007,0.00081007
21,199.822,0.38787,0.31456,0.54731,0.80205,0.95083,1,0.95444,0.8777,0.95083,1,0.95444,0.93241,0.41506,0.38512,1.27895,0.77263,0.0008308,0.0008308,0.0008308
22,208.535,0.39349,0.32907,0.53226,0.80361,0.94472,1,0.95417,0.89365,0.94472,1,0.95417,0.92561,0.36083,0.35879,1.17864,0.75426,0.00084955,0.00084955,0.00084955
23,217.499,0.45876,0.34518,0.55205,0.81905,0.94472,1,0.95417,0.89365,0.94472,1,0.95417,0.92561,0.36083,0.35879,1.17864,0.75426,0.00086632,0.00086632,0.00086632
24,226.127,0.42101,0.32849,0.55856,0.82065,0.94768,1,0.95401,0.89695,0.94768,1,0.95401,0.93142,0.34188,0.38083,1.06809,0.74832,0.00088111,0.00088111,0.00088111
25,234.599,0.40718,0.35303,0.58651,0.81186,0.94724,1,0.95214,0.87464,0.94724,1,0.95214,0.92674,0.41894,0.4406,0.98738,0.76667,0.00089392,0.00089392,0.00089392
26,243.226,0.39296,0.31753,0.53035,0.80762,0.94846,1,0.95625,0.88026,0.94846,1,0.95625,0.92479,0.40074,0.39385,0.91858,0.76522,0.00090475,0.00090475,0.00090475
27,251.916,0.36967,0.35044,0.57625,0.81367,0.94846,1,0.95625,0.88026,0.94846,1,0.95625,0.92479,0.40074,0.39385,0.91858,0.76522,0.0009136,0.0009136,0.0009136
28,260.632,0.36989,0.32486,0.53429,0.81241,0.94838,1,0.96838,0.90434,0.94838,1,0.96838,0.93801,0.33965,0.35461,0.90657,0.75471,0.00092047,0.00092047,0.00092047
29,269.373,0.3677,0.34049,0.53757,0.80884,0.94838,1,0.96838,0.90434,0.94838,1,0.96838,0.93801,0.33965,0.35461,0.90657,0.75471,0.00092536,0.00092536,0.00092536
30,278.291,0.39589,0.35037,0.54922,0.82578,0.96222,1,0.9828,0.91747,0.96222,1,0.9828,0.95733,0.33388,0.35562,0.94696,0.75484,0.00092827,0.00092827,0.00092827
31,287.316,0.37829,0.34914,0.52062,0.83463,0.9756,0.99946,0.99256,0.94482,0.9756,0.99946,0.99256,0.96272,0.33493,0.37101,0.94281,0.75691,0.0009292,0.0009292,0.0009292
32,296.396,0.34906,0.32295,0.5369,0.80861,0.9756,0.99946,0.99256,0.94482,0.9756,0.99946,0.99256,0.96272,0.33493,0.37101,0.94281,0.75691,0.00092815,0.00092815,0.00092815
33,305.081,0.34028,0.30894,0.48756,0.80773,0.96926,1,0.99085,0.93146,0.96926,1,0.99085,0.97263,0.32975,0.3578,0.73481,0.75968,0.00092512,0.00092512,0.00092512
34,313.906,0.31605,0.31404,0.48556,0.8175,0.96926,1,0.99085,0.93146,0.96926,1,0.99085,0.97263,0.32975,0.3578,0.73481,0.75968,0.000911,0.000911,0.000911
35,322.414,0.32916,0.29326,0.48654,0.81801,0.97065,1,0.9889,0.92029,0.97065,1,0.9889,0.97492,0.34791,0.35292,0.55208,0.76462,0.000878,0.000878,0.000878
36,331.124,0.31239,0.29987,0.47553,0.80068,0.96826,1,0.9811,0.9276,0.96826,1,0.9811,0.96463,0.32511,0.364,0.47349,0.76239,0.000845,0.000845,0.000845
37,339.824,0.34857,0.30186,0.48825,0.80315,0.96826,1,0.9811,0.9276,0.96826,1,0.9811,0.96463,0.32511,0.364,0.47349,0.76239,0.000812,0.000812,0.000812
38,348.528,0.32908,0.29551,0.46098,0.79418,0.95665,1,0.97671,0.92258,0.95665,1,0.97671,0.96846,0.3236,0.34638,0.47908,0.76213,0.000779,0.000779,0.000779
39,357.332,0.30449,0.26953,0.50434,0.81036,0.95665,1,0.97671,0.92258,0.95665,1,0.97671,0.96846,0.3236,0.34638,0.47908,0.76213,0.000746,0.000746,0.000746
40,366.191,0.3386,0.32286,0.45742,0.80021,0.95235,1,0.97744,0.94267,0.95235,1,0.97744,0.96395,0.32345,0.34937,0.45991,0.7602,0.000713,0.000713,0.000713
41,375.502,0.29812,0.28212,0.43777,0.78872,0.96262,1,0.97915,0.92464,0.96262,1,0.97915,0.96044,0.31487,0.35787,0.45536,0.75637,0.00068,0.00068,0.00068
42,384.294,0.32472,0.30443,0.43857,0.80545,0.96262,1,0.97915,0.92464,0.96262,1,0.97915,0.96044,0.31487,0.35787,0.45536,0.75637,0.000647,0.000647,0.000647
43,393.339,0.32143,0.28095,0.44146,0.80545,0.97017,1,0.98037,0.94571,0.97017,1,0.98037,0.95454,0.28285,0.35301,0.45541,0.75071,0.000614,0.000614,0.000614
44,402.389,0.31016,0.28299,0.43204,0.80685,0.97017,1,0.98037,0.94571,0.97017,1,0.98037,0.95454,0.28285,0.35301,0.45541,0.75071,0.000581,0.000581,0.000581
45,411.315,0.30579,0.28647,0.43022,0.80642,0.97044,1,0.9811,0.95878,0.97044,1,0.9811,0.95098,0.27535,0.35452,0.47,0.75011,0.000548,0.000548,0.000548
46,420.032,0.29012,0.27643,0.41577,0.78717,0.95206,1,0.98354,0.94988,0.95206,1,0.98354,0.96589,0.27683,0.34238,0.4728,0.75018,0.000515,0.000515,0.000515
47,428.74,0.30674,0.2724,0.44738,0.79738,0.95206,1,0.98354,0.94988,0.95206,1,0.98354,0.96589,0.27683,0.34238,0.4728,0.75018,0.000482,0.000482,0.000482
48,437.903,0.27671,0.29099,0.41769,0.79297,0.9522,1,0.97915,0.95161,0.9522,1,0.97915,0.94744,0.26957,0.35039,0.44626,0.75155,0.000449,0.000449,0.000449
49,446.893,0.28117,0.26971,0.40492,0.78567,0.9522,1,0.97915,0.95161,0.9522,1,0.97915,0.94744,0.26957,0.35039,0.44626,0.75155,0.000416,0.000416,0.000416
50,455.825,0.27876,0.28479,0.43295,0.80049,0.9519,1,0.97793,0.96082,0.9519,1,0.97793,0.95653,0.26162,0.35032,0.42183,0.75158,0.000383,0.000383,0.000383
51,464.724,0.22323,0.26708,0.50983,0.7776,0.95107,1,0.9758,0.95824,0.95107,1,0.9758,0.96355,0.26123,0.34715,0.4183,0.75189,0.00035,0.00035,0.00035
52,473.326,0.244,0.25818,0.49547,0.77273,0.95107,1,0.9758,0.95824,0.95107,1,0.9758,0.96355,0.26123,0.34715,0.4183,0.75189,0.000317,0.000317,0.000317
53,482.021,0.26931,0.26826,0.50826,0.77774,0.95114,1,0.96195,0.94315,0.95114,1,0.96195,0.94535,0.26381,0.34416,0.43594,0.75125,0.000284,0.000284,0.000284
54,490.696,0.23686,0.25612,0.47681,0.77499,0.95114,1,0.96195,0.94315,0.95114,1,0.96195,0.94535,0.26381,0.34416,0.43594,0.75125,0.000251,0.000251,0.000251
55,499.633,0.24723,0.25744,0.49611,0.79023,0.9511,1,0.96053,0.93885,0.9511,1,0.96053,0.94239,0.26347,0.34062,0.45375,0.75105,0.000218,0.000218,0.000218
56,508.467,0.25091,0.24853,0.48635,0.79888,0.95103,1,0.96053,0.95492,0.95103,1,0.96053,0.94438,0.26014,0.3376,0.46199,0.75082,0.000185,0.000185,0.000185
57,516.991,0.23565,0.25391,0.49534,0.78137,0.95103,1,0.96053,0.95492,0.95103,1,0.96053,0.94438,0.26014,0.3376,0.46199,0.75082,0.000152,0.000152,0.000152
58,525.632,0.2445,0.2454,0.47933,0.78172,0.95104,1,0.9627,0.9571,0.95104,1,0.9627,0.9467,0.2525,0.33613,0.46085,0.75001,0.000119,0.000119,0.000119
59,534.147,0.21905,0.24411,0.4517,0.77595,0.95104,1,0.9627,0.9571,0.95104,1,0.9627,0.9467,0.2525,0.33613,0.46085,0.75001,8.6e-05,8.6e-05,8.6e-05
60,542.637,0.23205,0.23855,0.48875,0.78384,0.95104,1,0.96333,0.95777,0.95104,1,0.96333,0.94668,0.24577,0.33544,0.45516,0.74901,5.3e-05,5.3e-05,5.3e-05
